feature,importance
initial_hydroxyapatite_pct,0.28995506408177946
initial_whitlockite_pct,0.2061539954973651
temperature_C,0.17901445004497255
initial_wollastonite_pct,0.15915496853065308
initial_amorphous_pct,0.08868408178044969
initial_crystallinity_pct,0.049607062777383165
soaking_day,0.02743037728739697
