model,MAE,MSE,R2
Random Forest,1.4663300000000214,4.104104491500066,0.937146568316028
